{"stats":{"minecraft:used":{"minecraft:redstone_block":3,"minecraft:command_block":1},"minecraft:custom":{"minecraft:jump":49,"minecraft:time_since_rest":6953,"minecraft:damage_dealt":50,"minecraft:crouch_one_cm":570,"minecraft:leave_game":1,"minecraft:sprint_one_cm":4151,"minecraft:play_time":6953,"minecraft:damage_taken":75,"minecraft:time_since_death":6953,"minecraft:walk_one_cm":13997,"minecraft:sneak_time":244,"minecraft:total_world_time":6953,"minecraft:fall_one_cm":685,"minecraft:fly_one_cm":147544}},"DataVersion":3700}