{"stats":{"minecraft:custom":{"minecraft:jump":103,"minecraft:time_since_rest":25222,"minecraft:damage_dealt":50,"minecraft:crouch_one_cm":920,"minecraft:leave_game":3,"minecraft:sprint_one_cm":14287,"minecraft:play_time":25222,"minecraft:damage_taken":75,"minecraft:time_since_death":25222,"minecraft:walk_one_cm":31592,"minecraft:sneak_time":690,"minecraft:total_world_time":25222,"minecraft:fall_one_cm":685,"minecraft:fly_one_cm":332985},"minecraft:used":{"minecraft:redstone":3,"minecraft:repeater":2,"minecraft:redstone_block":11,"minecraft:flint_and_steel":1,"minecraft:command_block":3}},"DataVersion":3700}