{"stats":{"minecraft:used":{"minecraft:redstone":3,"minecraft:repeater":2,"minecraft:redstone_block":11,"minecraft:command_block":2},"minecraft:custom":{"minecraft:jump":78,"minecraft:time_since_rest":20074,"minecraft:damage_dealt":50,"minecraft:crouch_one_cm":733,"minecraft:leave_game":2,"minecraft:sprint_one_cm":11270,"minecraft:play_time":20074,"minecraft:damage_taken":75,"minecraft:time_since_death":20074,"minecraft:walk_one_cm":22582,"minecraft:sneak_time":388,"minecraft:total_world_time":20074,"minecraft:fall_one_cm":685,"minecraft:fly_one_cm":245659}},"DataVersion":3700}