{"stats":{"minecraft:mined":{"minecraft:fire":2},"minecraft:custom":{"minecraft:jump":121,"minecraft:time_since_rest":31858,"minecraft:damage_dealt":60,"minecraft:crouch_one_cm":975,"minecraft:leave_game":5,"minecraft:sprint_one_cm":18876,"minecraft:play_time":31858,"minecraft:damage_taken":95,"minecraft:time_since_death":31858,"minecraft:walk_one_cm":40267,"minecraft:sneak_time":826,"minecraft:total_world_time":31858,"minecraft:fall_one_cm":685,"minecraft:fly_one_cm":352003},"minecraft:used":{"minecraft:redstone":3,"minecraft:repeater":2,"minecraft:redstone_block":11,"minecraft:flint_and_steel":3,"minecraft:command_block":3}},"DataVersion":3700}