{
  "minecraft:recipes/decorations/crafting_table": {
    "criteria": {
      "unlock_right_away": "2024-05-24 03:21:44 +0000"
    },
    "done": true
  },
  "minecraft:adventure/adventuring_time": {
    "criteria": {
      "minecraft:snowy_slopes": "2024-05-24 03:23:11 +0000",
      "minecraft:forest": "2024-05-24 03:23:10 +0000",
      "minecraft:ocean": "2024-05-24 03:23:04 +0000",
      "minecraft:cherry_grove": "2024-05-24 03:23:16 +0000",
      "minecraft:river": "2024-05-24 03:23:39 +0000",
      "minecraft:grove": "2024-05-24 03:23:27 +0000",
      "minecraft:stony_shore": "2024-05-24 03:21:45 +0000",
      "minecraft:frozen_peaks": "2024-05-24 03:23:21 +0000",
      "minecraft:plains": "2024-05-24 03:23:37 +0000"
    },
    "done": false
  },
  "minecraft:recipes/redstone/redstone": {
    "criteria": {
      "has_redstone_block": "2024-05-24 03:25:47 +0000"
    },
    "done": true
  },
  "DataVersion": 3700
}